{"Bank Num":{"0":1.0,"1":2.0,"2":3.0,"3":4.0,"4":5.0,"5":6.0,"6":7.0,"7":8.0,"8":9.0,"9":10.0,"10":11.0,"11":12.0,"12":13.0,"13":14.0,"14":15.0,"15":16.0,"16":17.0,"17":18.0,"18":19.0,"19":20.0,"20":21.0,"21":22.0,"22":23.0,"23":24.0,"24":25.0,"25":26.0,"26":27.0,"27":28.0,"28":29.0,"29":30.0,"30":31.0,"31":32.0,"32":33.0,"33":34.0,"34":35.0,"35":36.0,"36":37.0,"37":38.0,"38":39.0,"39":40.0,"40":41.0,"41":42.0,"42":43.0,"43":44.0,"44":45.0,"45":46.0,"46":47.0,"47":48.0,"48":49.0,"49":50.0,"50":null,"51":null,"52":null},"Latitude":{"0":40.67974,"1":40.71443,"2":40.74165,"3":40.78074,"4":40.84957,"5":40.71765,"6":40.75178,"7":40.64545,"8":40.78453,"9":40.77949,"10":null,"11":null,"12":null,"13":null,"14":null,"15":null,"16":null,"17":null,"18":null,"19":null,"20":null,"21":null,"22":null,"23":null,"24":null,"25":null,"26":null,"27":null,"28":null,"29":null,"30":null,"31":null,"32":null,"33":null,"34":null,"35":null,"36":null,"37":null,"38":null,"39":null,"40":null,"41":null,"42":null,"43":null,"44":null,"45":null,"46":null,"47":null,"48":null,"49":null,"50":null,"51":null,"52":null},"Longitude":{"0":-73.99732,"1":-74.00646,"2":-74.00074,"3":-73.80302,"4":-73.93486,"5":-73.81703,"6":-73.88469,"7":-73.90217,"8":-73.94729,"9":-73.95556,"10":null,"11":null,"12":null,"13":null,"14":null,"15":null,"16":null,"17":null,"18":null,"19":null,"20":null,"21":null,"22":null,"23":null,"24":null,"25":null,"26":null,"27":null,"28":null,"29":null,"30":null,"31":null,"32":null,"33":null,"34":null,"35":null,"36":null,"37":null,"38":null,"39":null,"40":null,"41":null,"42":null,"43":null,"44":null,"45":null,"46":null,"47":null,"48":null,"49":null,"50":null,"51":null,"52":null},"Address":{"0":"420 Court Street Brooklyn, NY 11231","1":"277 Broadway New York, NY 10007","2":"144 8th Ave. New York, NY 10011","3":"20-02 Francis Lewis Blvd Whitestone, NY 11357","4":"620 West 181 Street New York, NY 10033","5":"75-21 Main St Kew Gardens Hills, NY 11367","6":"37-02 82nd Street Jackson Heights, NY 11372","7":"1425 Rockaway Pkwy Brooklyn, NY 11236","8":"1865 2nd Avenue  New York, NY 10029","9":"249 East 86th Street New York, NY 10028","10":"90 West Broadway, New York, NY","11":"176 Broadway, New York, NY","12":"116 Bowery, New York, NY","13":"154 Bleecker Street, New York, NY","14":"159 West 4th Street, New York, NY","15":"21 University Place, New York, NY","16":"273 East 3rd Street, New York, NY","17":"159 2nd Avenue, New York, NY","18":"123 Third Avenue, New York, NY","19":"31 East 17th Street, New York, NY","20":"120 W. 23rd Street, New York, NY","21":"401 West 23rd Street, New York, NY","22":"470 Park Avenue South, New York, NY","23":"245 East 34th Street, New York, NY","24":"One Penn Plaza, New York, NY","25":"404 Fifth Avenue, New York, NY","26":"1001 Avenue Of The Americas, New York, NY","27":"1407 Broadway, New York, NY","28":"220 East 42nd Street, New York, NY","29":"109 East 42nd Street, New York, NY","30":"1166 Avenue Of The Americas, New York, NY","31":"750 Third Avenue, New York, NY","32":"320 Park Avenue, New York, NY","33":"845 Third Avenue, New York, NY","34":"1745 Broadway, New York, NY","35":"840 Ninth Ave, New York, NY","36":"57 West 57th Street, New York, NY","37":"991 Third Avenue, New York, NY","38":"502 Park Avenue, New York, NY","39":"1295 Second Ave, New York, NY","40":"1180 Third Avenue, New York, NY","41":"175 West 72nd Street, New York, NY","42":"1345 Third Avenue, New York, NY","43":"1512 Second Avenue, New York, NY","44":"249 East 86th Street, New York, NY","45":"2379 Broadway, New York, NY","46":"333 East 102nd Street (Aka 1999 First Avenue), New York, NY","47":"37-02 82nd St, Jackson Heights, NY 11372","48":"40-20 Queens Blvd, Sunnyside, NY 11104","49":"146-21 Jamaica Ave, Jamaica, NY 11435","50":"95-25 Queens Blvd, Rego Park, NY 11374","51":"216-19 Jamaica Ave, Queens Village, NY 11428","52":"114-19 Liberty Ave, South Richmond Hill, NY 11419"},"Bank District":{"0":101.0,"1":101.0,"2":101.0,"3":101.0,"4":101.0,"5":101.0,"6":101.0,"7":103.0,"8":103.0,"9":103.0,"10":304.0,"11":304.0,"12":304.0,"13":304.0,"14":203.0,"15":205.0,"16":503.0,"17":409.0,"18":407.0,"19":407.0,"20":407.0,"21":407.0,"22":407.0,"23":407.0,"24":407.0,"25":407.0,"26":407.0,"27":407.0,"28":407.0,"29":407.0,"30":407.0,"31":407.0,"32":407.0,"33":407.0,"34":407.0,"35":null,"36":null,"37":null,"38":null,"39":null,"40":null,"41":null,"42":null,"43":null,"44":null,"45":null,"46":null,"47":null,"48":null,"49":null,"50":null,"51":null,"52":null}}